Country,Year,Control de la Corrupción,Calidad Regulatoria,Estado de Derecho
Argentina,2023,-0.360883951187134,-0.482535392045975,-0.410826534032822
Ireland,2023,1.5752888917923,1.74936389923096,1.63358354568481
